method,block,origin,rmse,mae,smape
damped persistence -> mean last 720,0,41640,108.7725289416458,70.27516742784051,65.96997418618678
damped persistence -> mean last 720,1,41808,101.05094121384452,87.2810102278441,94.23756520712023
damped persistence -> mean last 720,2,41976,110.65295266097917,77.04548447822124,56.18422295444427
damped persistence -> mean last 720,3,42144,131.94833525668295,100.54787979726747,75.35765260539415
damped persistence -> mean last 720,4,42312,91.0345960492139,77.8051301408647,89.81077373587763
damped persistence -> mean last 720,5,42480,82.8612000269389,71.78861903409691,98.83441140195973
damped persistence -> mean last 720,6,42648,111.45552862176496,85.53545094564409,83.13555122751627
damped persistence -> mean last 720,7,42816,115.8288211858645,89.56646933750714,63.984583096839586
damped persistence -> mean last 720,8,42984,161.70965040431548,132.9411719598101,113.22928835522008
damped persistence -> mean last 720,9,43152,106.7175479336552,81.74347537586411,95.19051810054833
damped persistence -> mean last 720,10,43320,78.06243848639737,67.7369880824375,103.2824610847744
damped persistence -> mean last 720,11,43488,84.62951832791111,74.54238757140048,98.80903316932536
global mean,0,41640,100.58320462771601,71.0163187297013,65.79057831591857
global mean,1,41808,159.09265219525986,132.7506731452627,118.44794644690732
global mean,2,41976,110.96856050932911,80.71559598682241,61.616489062544645
global mean,3,42144,139.1799532736094,103.4135119499584,78.63871543188158
global mean,4,42312,84.16749769638629,78.81571365547543,98.65105417916146
global mean,5,42480,65.51321198861888,57.39100613173706,92.96346331363539
global mean,6,42648,116.72946351591676,94.83209953461784,93.49565913036474
global mean,7,42816,147.57365660988302,114.83296881673071,77.84793339847208
global mean,8,42984,113.84271641087868,92.98027117509947,105.82267646805879
global mean,9,43152,114.8887965733504,92.47268790719848,103.28113976278226
global mean,10,43320,80.37470765153357,71.26591698544607,108.20869731415344
global mean,11,43488,76.8953208104436,68.20669577157572,98.92620382581563
mean of last 168,0,41640,106.47117818591589,69.01140873015872,64.40737950816636
mean of last 168,1,41808,154.89909910253766,134.82702664399093,117.22650836304294
mean of last 168,2,41976,101.96508631159301,85.3048469387755,63.664806465542014
mean of last 168,3,42144,127.54695902831088,103.69586167800455,75.82267262471325
mean of last 168,4,42312,103.56967978819173,88.44175170068026,92.86158932383525
mean of last 168,5,42480,63.054463183671245,54.85863095238095,91.40688482697334
mean of last 168,6,42648,131.95002755522788,86.17715419501134,84.47624970169022
mean of last 168,7,42816,140.28421064985562,110.31143707482993,73.75959193563932
mean of last 168,8,42984,141.38889033675028,133.12910997732428,116.36248530463953
mean of last 168,9,43152,114.97946568740831,91.28238378684807,102.97435682354106
mean of last 168,10,43320,80.68663313362325,71.64682539682539,108.39342568098711
mean of last 168,11,43488,72.90210155794294,58.72845804988662,99.85495090631653
"hour-of-day mean, last 28 days",0,41640,107.24742640181593,68.89179421768708,64.67098942584771
"hour-of-day mean, last 28 days",1,41808,164.76199755278836,131.94982993197277,120.27009583011137
"hour-of-day mean, last 28 days",2,41976,107.80207592808573,79.45344387755102,60.586287684584846
"hour-of-day mean, last 28 days",3,42144,130.46385961240753,100.58163265306123,75.21565195710208
"hour-of-day mean, last 28 days",4,42312,94.38614471070603,82.94749149659864,92.74438572069947
"hour-of-day mean, last 28 days",5,42480,94.49376424779408,87.41220238095238,108.50521424476538
"hour-of-day mean, last 28 days",6,42648,114.29129218158928,95.8358843537415,93.15315590254701
"hour-of-day mean, last 28 days",7,42816,142.6465201424784,113.09247448979593,77.02513372352855
"hour-of-day mean, last 28 days",8,42984,112.77924409009849,92.80718537414967,103.73381396722803
"hour-of-day mean, last 28 days",9,43152,114.99629102455766,91.58397108843538,100.14462175755723
"hour-of-day mean, last 28 days",10,43320,94.01044548636187,84.20663265306123,111.80955184258612
"hour-of-day mean, last 28 days",11,43488,79.52922273153632,69.61840986394559,97.70919853527857
median of last 720,0,41640,112.54599588824202,72.30357142857143,68.83384306949924
median of last 720,1,41808,170.02699365520928,130.63095238095238,120.50019252650497
median of last 720,2,41976,121.87156588568381,86.94047619047619,67.7621077610504
median of last 720,3,42144,147.54571527237954,108.11904761904762,83.94910386226037
median of last 720,4,42312,84.19312408301015,78.08928571428571,99.62244965293424
median of last 720,5,42480,73.056444257978,65.375,97.67514421707074
median of last 720,6,42648,120.86875507086582,89.45833333333333,89.5549194614041
median of last 720,7,42816,170.6422392302791,132.73809523809524,96.05739867124686
median of last 720,8,42984,115.58935422228039,84.98214285714286,102.12988893321248
median of last 720,9,43152,120.4027467650611,84.45238095238095,100.76865086144208
median of last 720,10,43320,67.6027436749497,51.404761904761905,97.36545509775836
median of last 720,11,43488,71.67677115920836,59.595238095238095,99.15013973831694
mean of last 720,0,41640,108.98238012869932,70.09303902116402,65.83296296664477
mean of last 720,1,41808,165.2461069153959,131.22743055555554,119.77631229892214
mean of last 720,2,41976,109.78162333710895,80.41782407407408,61.35079126057856
mean of last 720,3,42144,133.22039394587915,101.6264880952381,76.20017688194814
mean of last 720,4,42312,92.59469995535073,83.50892857142857,94.31883887599697
mean of last 720,5,42480,101.08591069178735,94.25694444444446,111.47983130304237
mean of last 720,6,42648,115.99553494892128,97.31435185185185,94.7718629442605
mean of last 720,7,42816,146.17501366790182,113.84920634920634,76.9419902367013
mean of last 720,8,42984,114.59472718724088,97.11474867724868,107.48745212404893
mean of last 720,9,43152,115.25489934452534,95.74290674603174,104.16833434766313
mean of last 720,10,43320,90.3535035455413,82.59566798941798,113.18696595508364
mean of last 720,11,43488,83.51919624837939,74.38617724867724,100.38116221018916
seasonal naive (repeat last 168),0,41640,112.09169290829547,81.58333333333333,88.67619976065146
seasonal naive (repeat last 168),1,41808,191.61619935992587,150.01785714285714,112.02890315693055
seasonal naive (repeat last 168),2,41976,216.2010473081545,177.79761904761904,119.04082814518762
seasonal naive (repeat last 168),3,42144,147.49895076301553,123.55952380952381,90.79519356000478
seasonal naive (repeat last 168),4,42312,156.4356135618619,102.75595238095238,78.10828591531417
seasonal naive (repeat last 168),5,42480,117.04491404910299,99.29761904761905,132.04568638223824
seasonal naive (repeat last 168),6,42648,143.05564185542164,95.94047619047619,102.81069546621407
seasonal naive (repeat last 168),7,42816,168.03576362531535,135.0297619047619,101.97418077210614
seasonal naive (repeat last 168),8,42984,211.02985852830446,182.3154761904762,134.78660578441105
seasonal naive (repeat last 168),9,43152,166.90489521766295,122.23214285714286,112.6440506185057
seasonal naive (repeat last 168),10,43320,154.2190387233752,104.05952380952381,105.24499475713718
seasonal naive (repeat last 168),11,43488,110.10595546368702,88.58333333333333,126.70656621436198
persistence (repeat last value),0,41640,103.1307249493158,69.26785714285714,64.48002146905367
persistence (repeat last value),1,41808,300.9254179075891,262.5238095238095,115.85331128315634
persistence (repeat last value),2,41976,158.85396857911147,121.95238095238095,126.48085740931936
persistence (repeat last value),3,42144,129.34624996864957,102.25,75.6913246925526
persistence (repeat last value),4,42312,146.5802437477263,122.39880952380952,99.17279592036054
persistence (repeat last value),5,42480,61.41685242589986,43.839285714285715,120.66624716730048
persistence (repeat last value),6,42648,150.13805155192844,96.875,101.91391305595646
persistence (repeat last value),7,42816,240.05701207758761,209.45238095238096,87.31883784671494
persistence (repeat last value),8,42984,442.45477977173795,427.57738095238096,148.38582683143235
persistence (repeat last value),9,43152,146.57571584744343,91.22619047619048,115.89579845833626
persistence (repeat last value),10,43320,76.84128664548332,43.38095238095238,80.5727060101101
persistence (repeat last value),11,43488,131.41288079216298,119.02380952380952,113.03175674498173
