config,rmse_mean,rmse_std_blocks,rmse_std_seeds,mae_mean,smape_mean,P,E_mean,best_epoch_mean,diff_vs_A_mean,diff_vs_A_std,n_pairs
A,114.21,35.67,2.57,91.23,90.88,21441.0,9.0,6.0,,,
B,114.51,25.57,3.76,94.7,91.42,22401.0,4.33,1.33,0.3,22.56,36.0
C,83.65,20.38,6.97,61.97,85.57,23361.0,6.33,3.33,-30.56,39.33,36.0
C_cal,91.07,30.32,4.86,69.11,86.83,23553.0,5.0,2.0,-23.14,40.96,36.0
C_small,75.68,24.06,3.12,55.89,83.14,6561.0,7.0,4.0,-38.53,38.89,36.0
C_small_wl,80.61,19.76,0.58,59.83,83.57,6561.0,8.67,5.67,-33.6,39.16,36.0
C_small_wlr,80.2,21.2,3.11,58.49,81.61,6561.0,9.0,6.33,-34.01,33.4,36.0
C_small_wlrd,70.68,19.56,3.65,51.3,78.99,6562.0,6.33,3.33,-43.53,34.71,36.0
C_small_d,78.02,20.29,3.15,58.2,80.66,6562.0,5.33,2.33,-36.19,36.17,36.0
[baseline] damped persistence -> mean last 720,107.06,23.24,,84.73,86.5,,,,,,
[baseline] mean of last 720,114.73,23.72,,93.51,93.82,,,,,,
