model,population,horizon,MSE,RMSE (m/s²)
Period-routed ridge,established,1,0.012639580982947858,0.1124258910702862
Period-routed ridge,established,2,0.01141624096557667,0.10684681074125081
Period-routed ridge,established,3,0.013944400197482016,0.11808640987633597
Period-routed ridge,established,4,0.013859419512981806,0.11772603583312319
Period-routed ridge,established,5,0.014707025971211584,0.12127252768542257
Period-routed ridge,established,6,0.013266270489279046,0.1151792971383271
Period-routed ridge,established,7,0.016529745683516384,0.12856805856633438
Period-routed ridge,established,8,0.01594695007176314,0.126281234044347
Period-routed ridge,established,9,0.01813901626593753,0.13468116522341766
Period-routed ridge,established,10,0.016118655934223146,0.12695926879997044
Period-routed ridge,established,11,0.018834175359658777,0.13723766013619867
Period-routed ridge,established,12,0.01574065050746076,0.12546174918061984
Period-routed ridge,established,13,0.016425697415119015,0.12816277702640114
Period-routed ridge,established,14,0.015830258267595158,0.1258183542556298
Period-routed ridge,established,15,0.016617610293981618,0.12890931034638894
Period-routed ridge,established,16,0.016588476756829503,0.128796260647697
Period-routed ridge,established,17,0.017746962561734962,0.1332177261543484
Period-routed ridge,established,18,0.01574525342728607,0.1254800917567646
Period-routed ridge,established,19,0.01998359632149197,0.14136334857908528
Period-routed ridge,established,20,0.01895464321124199,0.137675862849092
Period-routed ridge,established,21,0.01997275202276441,0.14132498725549
Period-routed ridge,established,22,0.02342499435365817,0.15305226020434384
Period-routed ridge,established,23,0.01838719119556723,0.13559937756334736
Period-routed ridge,established,24,0.021724688007737643,0.1473929713647759
Period-routed ridge,established,25,0.023265142063240023,0.15252915151943913
Period-routed ridge,established,26,0.02197686410760989,0.14824595814931985
Period-routed ridge,established,27,0.02541384242489561,0.1594171961392359
Period-routed ridge,established,28,0.023881475741660777,0.15453632499079553
Period-routed ridge,established,29,0.026865213122144477,0.16390611069189726
Period-routed ridge,established,30,0.027955523738252785,0.16719905423851172
Period-routed ridge,established,31,0.03053447970492392,0.17474117919060728
Period-routed ridge,established,32,0.03457639446997673,0.18594728949349257
Period-routed ridge,established,33,0.03375952762327312,0.18373765978501283
Period-routed ridge,established,34,0.0370634413198779,0.19251867784679463
Period-routed ridge,established,35,0.04094750705000819,0.20235490369647136
Period-routed ridge,established,36,0.03997386313076473,0.19993464714942413
Period-routed ridge,established,37,0.04520138559175258,0.21260617486741204
Period-routed ridge,established,38,0.043237350845879756,0.20793592966555768
Period-routed ridge,established,39,0.04074097096428872,0.20184392724154154
Period-routed ridge,established,40,0.04966520707023625,0.2228569206245035
Period-routed ridge,established,41,0.044420875649794966,0.21076260496064042
Period-routed ridge,established,42,0.04415654168777109,0.2101345799428811
Period-routed ridge,established,43,0.045163145876062585,0.21251622497132444
Period-routed ridge,established,44,0.04285498633926135,0.20701445925167003
Period-routed ridge,established,45,0.047269059662523406,0.21741448816149167
Period-routed ridge,established,46,0.05244992596197622,0.2290194881707149
Period-routed ridge,established,47,0.045670846687143406,0.21370738566353623
Period-routed ridge,established,48,0.052005829687676884,0.2280478670974076
Period-routed ridge,held-out,1,0.014060391298726755,0.11857652085774298
Period-routed ridge,held-out,2,0.013333450328638922,0.11547056044134765
Period-routed ridge,held-out,3,0.01836076765896455,0.13550191016721702
Period-routed ridge,held-out,4,0.014443416896394985,0.12018076758115245
Period-routed ridge,held-out,5,0.01667726333441889,0.12914047906996043
Period-routed ridge,held-out,6,0.016405323468678307,0.12808326771549167
Period-routed ridge,held-out,7,0.019430145460872267,0.13939205666347085
Period-routed ridge,held-out,8,0.0182153658594245,0.13496431328104663
Period-routed ridge,held-out,9,0.019406706716909496,0.1393079564020286
Period-routed ridge,held-out,10,0.018457489758343597,0.1358583444560679
Period-routed ridge,held-out,11,0.022166168465881812,0.148883069775854
Period-routed ridge,held-out,12,0.01224457500184413,0.1106552077484116
Period-routed ridge,held-out,13,0.01744857124254598,0.13209304009881057
Period-routed ridge,held-out,14,0.015636630433484157,0.12504651308007017
Period-routed ridge,held-out,15,0.014935438140744545,0.12221063022808018
Period-routed ridge,held-out,16,0.013611163731342912,0.11666689218172785
Period-routed ridge,held-out,17,0.012651611121631125,0.11247938087325661
Period-routed ridge,held-out,18,0.015532055997301246,0.12462766946910805
Period-routed ridge,held-out,19,0.022023058574201098,0.14840167982270652
Period-routed ridge,held-out,20,0.02174601699511808,0.14746530776802413
Period-routed ridge,held-out,21,0.022745218719567143,0.15081518066682525
Period-routed ridge,held-out,22,0.022057327971396014,0.14851709656263826
Period-routed ridge,held-out,23,0.022764164691935228,0.1508779794798937
Period-routed ridge,held-out,24,0.023535505072742692,0.15341285823796744
Period-routed ridge,held-out,25,0.019210461591419693,0.13860180948104428
Period-routed ridge,held-out,26,0.022977108199123266,0.15158201805993765
Period-routed ridge,held-out,27,0.026312743242608492,0.16221203174428367
Period-routed ridge,held-out,28,0.031837064910345485,0.17842943958423868
Period-routed ridge,held-out,29,0.03566011976160722,0.18883887248553255
Period-routed ridge,held-out,30,0.037144554351430964,0.19272922547302204
Period-routed ridge,held-out,31,0.0391160873489773,0.19777787375987563
Period-routed ridge,held-out,32,0.038887096696333154,0.1971981153468084
Period-routed ridge,held-out,33,0.04152968345736066,0.20378833003231725
Period-routed ridge,held-out,34,0.04920944713142506,0.22183202458487608
Period-routed ridge,held-out,35,0.044635259118735476,0.2112705827102663
Period-routed ridge,held-out,36,0.0472071553662737,0.2172720768213755
Period-routed ridge,held-out,37,0.049312801324109166,0.22206485837274922
Period-routed ridge,held-out,38,0.04517514768730137,0.21254446049544873
Period-routed ridge,held-out,39,0.04220514418935813,0.20543890622118813
Period-routed ridge,held-out,40,0.04146318257110778,0.20362510299839698
Period-routed ridge,held-out,41,0.04038969872574138,0.20097188541122207
Period-routed ridge,held-out,42,0.05201754231698847,0.22807354585086906
Period-routed ridge,held-out,43,0.048121252895600375,0.21936556907500404
Period-routed ridge,held-out,44,0.05310437624163371,0.23044386787596174
Period-routed ridge,held-out,45,0.059852247014540394,0.24464718885476774
Period-routed ridge,held-out,46,0.04892578428167714,0.2211917364678824
Period-routed ridge,held-out,47,0.043811348891621235,0.20931160715932892
Period-routed ridge,held-out,48,0.04492725479576134,0.21196050291448484
Raw Attention,established,1,0.02091919601852503,0.14463469852882824
Raw Attention,established,2,0.03056925156770995,0.1748406462116574
Raw Attention,established,3,0.04504196264470796,0.21223091821105605
Raw Attention,established,4,0.058255287447739064,0.24136132135812288
Raw Attention,established,5,0.06980096373956889,0.2641987201701948
Raw Attention,established,6,0.07659591669486013,0.27675967317306205
Raw Attention,established,7,0.08848913411420754,0.2974712324145102
Raw Attention,established,8,0.09008310952701554,0.30013848391536785
Raw Attention,established,9,0.09875910611147266,0.31425961578203565
Raw Attention,established,10,0.09426350871633012,0.3070236289218309
Raw Attention,established,11,0.10348725806117347,0.3216943550346718
Raw Attention,established,12,0.10974306238933297,0.33127490455712605
Raw Attention,established,13,0.11846289793779571,0.3441843952560832
Raw Attention,established,14,0.11404978713282375,0.3377125806552426
Raw Attention,established,15,0.12633602125806803,0.35543778816843324
Raw Attention,established,16,0.1213287962583836,0.34832283338647724
Raw Attention,established,17,0.13425342105957602,0.3664060876398972
Raw Attention,established,18,0.13217511029966125,0.3635589502400694
Raw Attention,established,19,0.1489690694393043,0.38596511427757857
Raw Attention,established,20,0.16022590331225758,0.40028227953814993
Raw Attention,established,21,0.16412656190258826,0.40512536566177665
Raw Attention,established,22,0.1890211979054355,0.43476568160957174
Raw Attention,established,23,0.18240440319500156,0.4270882850125973
Raw Attention,established,24,0.18670150381916273,0.4320896941830049
Raw Attention,established,25,0.17964273579779183,0.4238428196841275
Raw Attention,established,26,0.17650813013882038,0.42012870663502677
Raw Attention,established,27,0.16796853967075295,0.4098396511695189
Raw Attention,established,28,0.1829989138952189,0.42778372327055514
Raw Attention,established,29,0.19790985826451224,0.44487060845206694
Raw Attention,established,30,0.22663488041229388,0.4760618451549062
Raw Attention,established,31,0.23546907889397176,0.485251562484833
Raw Attention,established,32,0.23533734655060573,0.485115807360063
Raw Attention,established,33,0.24862396751647006,0.49862206882213916
Raw Attention,established,34,0.24396503656821578,0.4939281694418894
Raw Attention,established,35,0.2581087593627429,0.50804405258082
Raw Attention,established,36,0.2639975930077128,0.5138069608400735
Raw Attention,established,37,0.28068463229094454,0.5297967839567777
Raw Attention,established,38,0.2850206189853306,0.5338732237014051
Raw Attention,established,39,0.3029926180109153,0.550447652380238
Raw Attention,established,40,0.29221800793266073,0.5405719266967725
Raw Attention,established,41,0.2843799111104366,0.5332728299008272
Raw Attention,established,42,0.2652478307834654,0.5150221653321976
Raw Attention,established,43,0.2627919161551788,0.5126323401378212
Raw Attention,established,44,0.2625011279989305,0.5123486391110359
Raw Attention,established,45,0.2708441131297599,0.5204268566568793
Raw Attention,established,46,0.27668677682680015,0.5260102440321863
Raw Attention,established,47,0.29537200022033494,0.5434813706285938
Raw Attention,established,48,0.2843979746375866,0.5332897661099326
Raw Attention,held-out,1,0.0284591775197958,0.16869848108325042
Raw Attention,held-out,2,0.03548977494957692,0.1883873003935693
Raw Attention,held-out,3,0.05881892471397219,0.2425261320228651
Raw Attention,held-out,4,0.08388170829874458,0.28962339045516433
Raw Attention,held-out,5,0.11504609837190641,0.3391844606875533
Raw Attention,held-out,6,0.14468101868533997,0.3803695817035584
Raw Attention,held-out,7,0.1599129673626421,0.3998911944049807
Raw Attention,held-out,8,0.18910284016293766,0.4348595637248164
Raw Attention,held-out,9,0.20513261906988908,0.4529156864913039
Raw Attention,held-out,10,0.2119292265640973,0.4603577158733166
Raw Attention,held-out,11,0.23509483813821785,0.4848657939453121
Raw Attention,held-out,12,0.2280392947962577,0.477534600627282
Raw Attention,held-out,13,0.25401487396214795,0.5039988828977183
Raw Attention,held-out,14,0.27874248607292934,0.5279606861054422
Raw Attention,held-out,15,0.27893448991509634,0.5281424901625472
Raw Attention,held-out,16,0.29512654943911176,0.5432555102703623
Raw Attention,held-out,17,0.2698242171375048,0.5194460675926855
Raw Attention,held-out,18,0.28340953243670863,0.5323622192048462
Raw Attention,held-out,19,0.2817821449820684,0.5308315598964217
Raw Attention,held-out,20,0.25983841222588977,0.5097434768840988
Raw Attention,held-out,21,0.29127306693762023,0.5396971993049623
Raw Attention,held-out,22,0.33582415473084526,0.579503369041842
Raw Attention,held-out,23,0.3637293119002671,0.603099752860393
Raw Attention,held-out,24,0.44869187295502244,0.6698446633026365
Raw Attention,held-out,25,0.47806825569245825,0.6914248011840899
Raw Attention,held-out,26,0.46963062952286144,0.6852960159835029
Raw Attention,held-out,27,0.45219803771041284,0.6724567180944904
Raw Attention,held-out,28,0.4385421303574416,0.6622251357034415
Raw Attention,held-out,29,0.4112001624790872,0.6412489083648308
Raw Attention,held-out,30,0.4036657637040134,0.6353469632445042
Raw Attention,held-out,31,0.40677687956354414,0.6377906236089899
Raw Attention,held-out,32,0.4035333856873459,0.6352427769658983
Raw Attention,held-out,33,0.4312571877702143,0.6567017494800926
Raw Attention,held-out,34,0.4459306334427753,0.667780378150463
Raw Attention,held-out,35,0.4680536140471769,0.6841444394622943
Raw Attention,held-out,36,0.44806947406279984,0.6693799175825339
Raw Attention,held-out,37,0.5273221285520419,0.726169490237673
Raw Attention,held-out,38,0.560526425467024,0.7486831275426367
Raw Attention,held-out,39,0.5888491577178799,0.7673650746013139
Raw Attention,held-out,40,0.6271452094289549,0.7919250024017142
Raw Attention,held-out,41,0.6968297951725921,0.8347633168584926
Raw Attention,held-out,42,0.7047699298327085,0.8395057652170761
Raw Attention,held-out,43,0.7286916760954203,0.8536343925214238
Raw Attention,held-out,44,0.6736402396397466,0.8207558952817497
Raw Attention,held-out,45,0.6645584181639427,0.8152045253578655
Raw Attention,held-out,46,0.6631757778807263,0.8143560510493714
Raw Attention,held-out,47,0.6300507310411758,0.793757350228126
Raw Attention,held-out,48,0.6009077240659351,0.7751823811632557
Raw delay mixer,established,1,0.014418482033309738,0.12007698377836502
Raw delay mixer,established,2,0.01498135573794293,0.12239834859156773
Raw delay mixer,established,3,0.01858371426792907,0.13632209750414298
Raw delay mixer,established,4,0.02313252104976438,0.1520937903063908
Raw delay mixer,established,5,0.025033364362899192,0.15821935520946606
Raw delay mixer,established,6,0.026172126155737493,0.1617780150568596
Raw delay mixer,established,7,0.027516319947142334,0.1658804387115682
Raw delay mixer,established,8,0.028831804328420436,0.16979930603044419
Raw delay mixer,established,9,0.028592998480809123,0.1690946435603716
Raw delay mixer,established,10,0.029639168224005495,0.1721602980480851
Raw delay mixer,established,11,0.028738424385917023,0.1695241115178517
Raw delay mixer,established,12,0.02994554447270768,0.17304780978882014
Raw delay mixer,established,13,0.03158447401068855,0.1777202127240696
Raw delay mixer,established,14,0.029158331810405048,0.17075810906192726
Raw delay mixer,established,15,0.029366961743921338,0.17136791340248425
Raw delay mixer,established,16,0.03426588328257365,0.18511046238009793
Raw delay mixer,established,17,0.03469411045211526,0.18626355105633324
Raw delay mixer,established,18,0.03068610274220288,0.17517449227042983
Raw delay mixer,established,19,0.03282171966647537,0.18116765623718648
Raw delay mixer,established,20,0.03623725587578395,0.19036085699477176
Raw delay mixer,established,21,0.03284475119560509,0.18123120922072194
Raw delay mixer,established,22,0.03604277926521317,0.18984935940164024
Raw delay mixer,established,23,0.03338536856212394,0.18271663460704377
Raw delay mixer,established,24,0.03529141622043633,0.18786009746733426
Raw delay mixer,established,25,0.03584603344423436,0.1893304873606846
Raw delay mixer,established,26,0.03436231207871774,0.1853707422402946
Raw delay mixer,established,27,0.03767435385935637,0.19409882498190548
Raw delay mixer,established,28,0.03828705436484503,0.19567078055970705
Raw delay mixer,established,29,0.03889510727333983,0.19721842528866268
Raw delay mixer,established,30,0.03712754558264381,0.19268509434474637
Raw delay mixer,established,31,0.03825842972068551,0.19559762197093683
Raw delay mixer,established,32,0.0424455422620465,0.20602315952835618
Raw delay mixer,established,33,0.044412533006532036,0.21074281246707333
Raw delay mixer,established,34,0.05030579658641283,0.22428953739845475
Raw delay mixer,established,35,0.05567760629279675,0.2359610270633622
Raw delay mixer,established,36,0.06118465993758312,0.24735533133042253
Raw delay mixer,established,37,0.06031703162562437,0.24559525977840935
Raw delay mixer,established,38,0.06764609902131924,0.2600886368554367
Raw delay mixer,established,39,0.07345108725087383,0.2710186105249487
Raw delay mixer,established,40,0.07868114509285418,0.2805015955263966
Raw delay mixer,established,41,0.08155051204406634,0.28557050275556534
Raw delay mixer,established,42,0.08528665491359516,0.2920387900837749
Raw delay mixer,established,43,0.08847423187439231,0.29744618315653726
Raw delay mixer,established,44,0.09730073216058774,0.31193065280697846
Raw delay mixer,established,45,0.10177240475536391,0.31901787529128195
Raw delay mixer,established,46,0.11232916311932553,0.3351554312842409
Raw delay mixer,established,47,0.11659001332151654,0.34145279808710977
Raw delay mixer,established,48,0.11921128876804954,0.3452698781649647
Raw delay mixer,held-out,1,0.019232504108357362,0.13868130410533844
Raw delay mixer,held-out,2,0.01840078807595365,0.13564950451790692
Raw delay mixer,held-out,3,0.032919299022208755,0.18143676314961296
Raw delay mixer,held-out,4,0.03253514105731908,0.18037500119838967
Raw delay mixer,held-out,5,0.038130895017875234,0.19527133690809625
Raw delay mixer,held-out,6,0.03933600370799244,0.19833306256898378
Raw delay mixer,held-out,7,0.049064613132304445,0.22150533432020197
Raw delay mixer,held-out,8,0.04266822372559624,0.20656288080290766
Raw delay mixer,held-out,9,0.04306947796595425,0.20753187216896168
Raw delay mixer,held-out,10,0.051643113921223005,0.22725121324477676
Raw delay mixer,held-out,11,0.054829278285893915,0.23415652518324984
Raw delay mixer,held-out,12,0.05121397696650628,0.22630505289654113
Raw delay mixer,held-out,13,0.053043469804982785,0.2303116796972806
Raw delay mixer,held-out,14,0.05466458908339263,0.2338045959415525
Raw delay mixer,held-out,15,0.04863713882481449,0.22053829332978545
Raw delay mixer,held-out,16,0.06043241184074128,0.24583004665976305
Raw delay mixer,held-out,17,0.06210900413884412,0.2492167814149844
Raw delay mixer,held-out,18,0.08488636953767158,0.29135265493499723
Raw delay mixer,held-out,19,0.09928532458079153,0.31509573875378183
Raw delay mixer,held-out,20,0.10351820527027901,0.32174245176892496
Raw delay mixer,held-out,21,0.10915712007114559,0.3303893461828719
Raw delay mixer,held-out,22,0.09372726154099385,0.3061490838480394
Raw delay mixer,held-out,23,0.07904531933213955,0.28114999436624494
Raw delay mixer,held-out,24,0.07743369903683354,0.27826911261732507
Raw delay mixer,held-out,25,0.05763385001178034,0.24007051050010358
Raw delay mixer,held-out,26,0.07253125508748585,0.2693162733432309
Raw delay mixer,held-out,27,0.08009039006201213,0.28300245592929424
Raw delay mixer,held-out,28,0.0699611462148061,0.26450169416244973
Raw delay mixer,held-out,29,0.07640739852075044,0.2764188823520391
Raw delay mixer,held-out,30,0.07081797044567992,0.266116460305784
Raw delay mixer,held-out,31,0.0713529816221587,0.26711978890033344
Raw delay mixer,held-out,32,0.08696966447971279,0.29490619606870383
Raw delay mixer,held-out,33,0.12558770921047827,0.3543835622746606
Raw delay mixer,held-out,34,0.15771896270021973,0.39713846791795393
Raw delay mixer,held-out,35,0.1911585273083292,0.4372167966905311
Raw delay mixer,held-out,36,0.18315791199663156,0.42796952227539703
Raw delay mixer,held-out,37,0.1942510171013647,0.44073917128088885
Raw delay mixer,held-out,38,0.1896025054444956,0.43543369810396576
Raw delay mixer,held-out,39,0.16290890752778603,0.4036197561168011
Raw delay mixer,held-out,40,0.15014237772674358,0.3874820998791345
Raw delay mixer,held-out,41,0.1540846528683054,0.3925361803303046
Raw delay mixer,held-out,42,0.17929201380092089,0.4234288769095949
Raw delay mixer,held-out,43,0.20959482573070526,0.45781527468041655
Raw delay mixer,held-out,44,0.19949760932606272,0.4466515524724645
Raw delay mixer,held-out,45,0.24081122612760397,0.4907252042921822
Raw delay mixer,held-out,46,0.2857273311701166,0.5345346865921019
Raw delay mixer,held-out,47,0.3302788915077945,0.5746989572878957
Raw delay mixer,held-out,48,0.38602172475136504,0.6213064660466403
Attention + decomposition,established,1,0.021606757927095023,0.14699237370385929
Attention + decomposition,established,2,0.024021811407497668,0.1549897138764301
Attention + decomposition,established,3,0.030652006361464847,0.17507714402932453
Attention + decomposition,established,4,0.031593686216302756,0.17774612855503424
Attention + decomposition,established,5,0.038889576333547345,0.1972044024192851
Attention + decomposition,established,6,0.038039050441169654,0.19503602344482326
Attention + decomposition,established,7,0.04943215474031621,0.22233343144996484
Attention + decomposition,established,8,0.047240734225280426,0.2173493368411333
Attention + decomposition,established,9,0.05008944487268428,0.22380671319842996
Attention + decomposition,established,10,0.04841201572455104,0.2200273067702076
Attention + decomposition,established,11,0.05349794255897802,0.23129622253503843
Attention + decomposition,established,12,0.04855544736657521,0.22035300625717638
Attention + decomposition,established,13,0.05029138038003473,0.22425739760381314
Attention + decomposition,established,14,0.04906052703802156,0.22149611066116162
Attention + decomposition,established,15,0.05187004241661709,0.22774995590914413
Attention + decomposition,established,16,0.05309668562314025,0.23042718073860177
Attention + decomposition,established,17,0.05439374477536296,0.23322466588112623
Attention + decomposition,established,18,0.05953962080136751,0.24400741956212624
Attention + decomposition,established,19,0.062149482236060725,0.2492979788046039
Attention + decomposition,established,20,0.06011043015211167,0.24517428525869442
Attention + decomposition,established,21,0.07166563436631176,0.2677043786834869
Attention + decomposition,established,22,0.07208098449390633,0.2684790205843025
Attention + decomposition,established,23,0.07269822777322768,0.2696260888215895
Attention + decomposition,established,24,0.0695951808368708,0.2638089855120003
Attention + decomposition,established,25,0.07058130489383435,0.26567142280236755
Attention + decomposition,established,26,0.06844167801914935,0.2616136044229148
Attention + decomposition,established,27,0.07174966374719051,0.2678612770580894
Attention + decomposition,established,28,0.07423972541644473,0.27246967797618277
Attention + decomposition,established,29,0.08117468808150527,0.2849117198037056
Attention + decomposition,established,30,0.09332140027031277,0.3054855156473262
Attention + decomposition,established,31,0.08828511973258729,0.29712812006369793
Attention + decomposition,established,32,0.10060767362348635,0.31718712714025193
Attention + decomposition,established,33,0.11163317877014511,0.33411551710470605
Attention + decomposition,established,34,0.11960364647613603,0.34583760130462393
Attention + decomposition,established,35,0.1148945945583445,0.3389610516834412
Attention + decomposition,established,36,0.12268633834512639,0.3502660964825548
Attention + decomposition,established,37,0.1259914728394532,0.35495277550605686
Attention + decomposition,established,38,0.1299836698786885,0.360532481031444
Attention + decomposition,established,39,0.13343543026764815,0.36528814690275424
Attention + decomposition,established,40,0.1262618039632223,0.3553333701796417
Attention + decomposition,established,41,0.12118195418444715,0.3481119851203735
Attention + decomposition,established,42,0.13153540889288437,0.36267810644273024
Attention + decomposition,established,43,0.1256973653346262,0.35453824241487153
Attention + decomposition,established,44,0.13878746497777153,0.37254189694284257
Attention + decomposition,established,45,0.14125157994055154,0.3758345113750885
Attention + decomposition,established,46,0.15032187675667213,0.3877136530439341
Attention + decomposition,established,47,0.14766722924404005,0.38427493965133874
Attention + decomposition,established,48,0.1522641138323152,0.39021034562440193
Attention + decomposition,held-out,1,0.02447176662660118,0.1564345442240977
Attention + decomposition,held-out,2,0.030839408487468987,0.17561152720555956
Attention + decomposition,held-out,3,0.03894477183321724,0.19734429769622744
Attention + decomposition,held-out,4,0.040681351910013326,0.2016961871479313
Attention + decomposition,held-out,5,0.04984738779660633,0.22326528569530538
Attention + decomposition,held-out,6,0.05030265199665096,0.22428252717644093
Attention + decomposition,held-out,7,0.0714977458851552,0.2673906241534194
Attention + decomposition,held-out,8,0.0681750498153191,0.26110352317676433
Attention + decomposition,held-out,9,0.0761565365011495,0.27596473778573505
Attention + decomposition,held-out,10,0.10134210793880602,0.31834275229507897
Attention + decomposition,held-out,11,0.10354168772142994,0.321778942321324
Attention + decomposition,held-out,12,0.10998811501882945,0.3316445612682793
Attention + decomposition,held-out,13,0.11248373949080043,0.33538595601306925
Attention + decomposition,held-out,14,0.11479162629363196,0.3388091295901454
Attention + decomposition,held-out,15,0.0972206586536065,0.31180227493334056
Attention + decomposition,held-out,16,0.09511152014710358,0.3084015566547996
Attention + decomposition,held-out,17,0.08850694489403499,0.29750116788684206
Attention + decomposition,held-out,18,0.12032556017238248,0.3468797488646209
Attention + decomposition,held-out,19,0.12656545098552516,0.3557603842272565
Attention + decomposition,held-out,20,0.13662666682004232,0.3696304462839098
Attention + decomposition,held-out,21,0.13472262140398378,0.3670458028693201
Attention + decomposition,held-out,22,0.15760567625553776,0.3969958139017813
Attention + decomposition,held-out,23,0.12947934234555733,0.3598323809019379
Attention + decomposition,held-out,24,0.15106378386734323,0.3886692473908159
Attention + decomposition,held-out,25,0.14541051687345108,0.381327309372737
Attention + decomposition,held-out,26,0.15647423703814015,0.3955682457404034
Attention + decomposition,held-out,27,0.15325533690582463,0.39147839902838144
Attention + decomposition,held-out,28,0.16478477429950827,0.4059369092599345
Attention + decomposition,held-out,29,0.1840748383550751,0.4290394368296172
Attention + decomposition,held-out,30,0.2009274567515008,0.44824932431795234
Attention + decomposition,held-out,31,0.19998044981401408,0.4471917371933588
Attention + decomposition,held-out,32,0.24144931887503032,0.4913749269906131
Attention + decomposition,held-out,33,0.2958341801921559,0.5439064075667392
Attention + decomposition,held-out,34,0.32373342294741736,0.5689757665730741
Attention + decomposition,held-out,35,0.3625460913540201,0.6021180045090996
Attention + decomposition,held-out,36,0.35596573345834115,0.5966286394888709
Attention + decomposition,held-out,37,0.31699008392765704,0.5630187243135498
Attention + decomposition,held-out,38,0.32428906888229075,0.5694638433494182
Attention + decomposition,held-out,39,0.295042950420199,0.5431785621876097
Attention + decomposition,held-out,40,0.2510355286934281,0.5010344585888561
Attention + decomposition,held-out,41,0.2724421167209266,0.521959880374849
Attention + decomposition,held-out,42,0.26496674933023606,0.5147492101307549
Attention + decomposition,held-out,43,0.3213898087767929,0.5669125230375431
Attention + decomposition,held-out,44,0.33606940995120055,0.5797149385268595
Attention + decomposition,held-out,45,0.3385996059387121,0.5818931224363388
Attention + decomposition,held-out,46,0.36633007421373953,0.6052520749355095
Attention + decomposition,held-out,47,0.34937273879701775,0.5910776080998313
Attention + decomposition,held-out,48,0.3424316981995287,0.5851766384601564
Autoformer-inspired,established,1,0.018395638127670758,0.13563052063481418
Autoformer-inspired,established,2,0.017939531512686624,0.13393853632426564
Autoformer-inspired,established,3,0.019873668042238838,0.14097399775220548
Autoformer-inspired,established,4,0.025194742322442953,0.15872851767229149
Autoformer-inspired,established,5,0.023317792744115242,0.15270164617356044
Autoformer-inspired,established,6,0.027635343282827646,0.16623881400812401
Autoformer-inspired,established,7,0.02745822836502816,0.1657052454360699
Autoformer-inspired,established,8,0.02810529720121825,0.16764634562440736
Autoformer-inspired,established,9,0.027297373712235402,0.16521916871911504
Autoformer-inspired,established,10,0.024995610786197057,0.1581000024863917
Autoformer-inspired,established,11,0.024370468980899253,0.15611043841107888
Autoformer-inspired,established,12,0.026843533087770783,0.1638399618157023
Autoformer-inspired,established,13,0.024023296743320675,0.15499450552623042
Autoformer-inspired,established,14,0.02589618594827345,0.1609229192758864
Autoformer-inspired,established,15,0.02550370987509594,0.15969880987376187
Autoformer-inspired,established,16,0.029117698171135395,0.17063908746572515
Autoformer-inspired,established,17,0.027292190785222204,0.16520348296940415
Autoformer-inspired,established,18,0.024302743364929703,0.15589337177997564
Autoformer-inspired,established,19,0.0295133459150946,0.17179448744093798
Autoformer-inspired,established,20,0.029515109944889706,0.17179962149227718
Autoformer-inspired,established,21,0.02895324274847864,0.17015652426068958
Autoformer-inspired,established,22,0.036527190565648196,0.19112087946022066
Autoformer-inspired,established,23,0.03404197797236997,0.1845046827925242
Autoformer-inspired,established,24,0.032192795850490216,0.17942350974855614
Autoformer-inspired,established,25,0.03219565256905885,0.17943147039763913
Autoformer-inspired,established,26,0.03310162360042281,0.18193851598939356
Autoformer-inspired,established,27,0.036665939814124575,0.19148352361006044
Autoformer-inspired,established,28,0.036760557800044405,0.19173043003144913
Autoformer-inspired,established,29,0.03561788599131088,0.18872701447146056
Autoformer-inspired,established,30,0.04483628850098069,0.21174581105887477
Autoformer-inspired,established,31,0.04548686764149433,0.21327650513240864
Autoformer-inspired,established,32,0.04905692556329541,0.2214879806294134
Autoformer-inspired,established,33,0.05356568485397613,0.23144261676272182
Autoformer-inspired,established,34,0.05665013459378267,0.2380128874531433
Autoformer-inspired,established,35,0.06289533213899076,0.25078941791668713
Autoformer-inspired,established,36,0.05621669894725647,0.2371006093354812
Autoformer-inspired,established,37,0.06356101847517392,0.252113106512085
Autoformer-inspired,established,38,0.06268410377453182,0.25036793679409475
Autoformer-inspired,established,39,0.06178361839020185,0.24856310746006102
Autoformer-inspired,established,40,0.06492210431655318,0.2547981638798702
Autoformer-inspired,established,41,0.06449656133869897,0.25396173203594863
Autoformer-inspired,established,42,0.064137492219656,0.253253809881818
Autoformer-inspired,established,43,0.05671530809346564,0.23814975980140235
Autoformer-inspired,established,44,0.055155762415887814,0.2348526397890554
Autoformer-inspired,established,45,0.056066844891844304,0.23678438481421088
Autoformer-inspired,established,46,0.053797205473052376,0.23194224598604796
Autoformer-inspired,established,47,0.06449054057522854,0.2539498780768137
Autoformer-inspired,established,48,0.056500458176516145,0.23769825025968563
Autoformer-inspired,held-out,1,0.021044986187634257,0.14506890151798302
Autoformer-inspired,held-out,2,0.023046347246142754,0.1518102343260913
Autoformer-inspired,held-out,3,0.026658666035394022,0.16327481751756462
Autoformer-inspired,held-out,4,0.024868238849187548,0.15769666721014602
Autoformer-inspired,held-out,5,0.02901121714038795,0.17032679513331997
Autoformer-inspired,held-out,6,0.038056315699091584,0.19508028013895096
Autoformer-inspired,held-out,7,0.034782814689685485,0.18650151390722136
Autoformer-inspired,held-out,8,0.02919433419224123,0.17086349578608426
Autoformer-inspired,held-out,9,0.027401437575385434,0.16553379587076905
Autoformer-inspired,held-out,10,0.03487005963661054,0.1867352661834677
Autoformer-inspired,held-out,11,0.03417512650093949,0.1848651576174902
Autoformer-inspired,held-out,12,0.03436883760454512,0.18538834268784302
Autoformer-inspired,held-out,13,0.03874227669036318,0.1968305786466198
Autoformer-inspired,held-out,14,0.033398630229369376,0.18275292126083614
Autoformer-inspired,held-out,15,0.03534799991773444,0.18801063777811733
Autoformer-inspired,held-out,16,0.0438514313989099,0.209407333679864
Autoformer-inspired,held-out,17,0.036776471234308335,0.191771925041984
Autoformer-inspired,held-out,18,0.04384644809867764,0.2093954347608315
Autoformer-inspired,held-out,19,0.04948398024504935,0.22244994997762835
Autoformer-inspired,held-out,20,0.04497503728559852,0.21207318851188736
Autoformer-inspired,held-out,21,0.04483202723424597,0.21173574859774147
Autoformer-inspired,held-out,22,0.04035069984789433,0.20087483627347236
Autoformer-inspired,held-out,23,0.03312715858246422,0.18200867721750033
Autoformer-inspired,held-out,24,0.05556492275593414,0.2357221303907084
Autoformer-inspired,held-out,25,0.047456168048522075,0.21784436657513565
Autoformer-inspired,held-out,26,0.06824633619296354,0.26123999730700415
Autoformer-inspired,held-out,27,0.07263813759090929,0.26951463335208586
Autoformer-inspired,held-out,28,0.07995945497426012,0.2827710292343615
Autoformer-inspired,held-out,29,0.08263068433531127,0.28745553453588485
Autoformer-inspired,held-out,30,0.0753965869321443,0.2745843894545797
Autoformer-inspired,held-out,31,0.059310532273578624,0.24353753770944353
Autoformer-inspired,held-out,32,0.04789436647030654,0.21884781577686932
Autoformer-inspired,held-out,33,0.054080319530873194,0.23255175667122618
Autoformer-inspired,held-out,34,0.06104902813801027,0.24708101533304874
Autoformer-inspired,held-out,35,0.07742143621668914,0.2782470776426756
Autoformer-inspired,held-out,36,0.0784302760154371,0.28005405909473463
Autoformer-inspired,held-out,37,0.07357740461011288,0.2712515522722642
Autoformer-inspired,held-out,38,0.08421243156667069,0.29019378278431585
Autoformer-inspired,held-out,39,0.09017706666902754,0.30029496610670575
Autoformer-inspired,held-out,40,0.06912548587351675,0.2629172605089227
Autoformer-inspired,held-out,41,0.08274928289963893,0.287661750845744
Autoformer-inspired,held-out,42,0.08822314456418406,0.29702381144309636
Autoformer-inspired,held-out,43,0.10548579035264438,0.3247857606987172
Autoformer-inspired,held-out,44,0.10305561301765559,0.3210227609027989
Autoformer-inspired,held-out,45,0.10782464010623657,0.3283666245315388
Autoformer-inspired,held-out,46,0.09979177085090586,0.3158983552519795
Autoformer-inspired,held-out,47,0.1019854212429409,0.31935156370830703
Autoformer-inspired,held-out,48,0.09220345731698265,0.3036502219939624
